1,United States of America,1/3/2020,0,0,0,0,0,0,0,0,0,0,0,0,0,0,0,0,0,0,0,0,0,0,0,0,0,0,0,39.39870316,-99.41461919
2,United States of America,1/4/2020,0,0,0,0,0,0,0,0,0,0,0,0,0,0,0,0,0,0,0,0,0,0,0,0,0,0,0,39.39870316,-99.41461919
3,United States of America,1/5/2020,0,0,0,0,0,0,0,0,0,0,0,0,0,0,0,0,0,0,0,0,0,0,0,0,0,0,0,39.39870316,-99.41461919
4,United States of America,1/6/2020,0,0,0,0,0,0,0,0,0,0,0,0,0,0,0,0,0,0,0,0,0,0,0,0,0,0,0,39.39870316,-99.41461919
5,United States of America,1/7/2020,0,0,0,0,0,0,0,0,0,0,0,0,0,0,0,0,0,0,0,0,0,0,0,0,0,0,0,39.39870316,-99.41461919
6,United States of America,1/8/2020,0,0,0,0,0,0,0,0,0,0,0,0,0,0,0,0,0,0,0,0,0,0,0,0,0,0,0,39.39870316,-99.41461919
7,United States of America,1/9/2020,0,0,0,0,0,0,0,0,0,0,0,0,0,0,0,0,0,0,0,0,0,0,0,0,0,0,0,39.39870316,-99.41461919
8,United States of America,1/10/2020,0,0,0,0,0,0,0,0,0,0,0,0,0,0,0,0,0,0,0,0,0,0,0,0,0,0,0,39.39870316,-99.41461919
9,United States of America,1/11/2020,0,0,0,0,0,0,0,0,0,0,0,0,0,0,0,0,0,0,0,0,0,0,0,0,0,0,0,39.39870316,-99.41461919
10,United States of America,1/12/2020,0,0,0,0,0,0,0,0,0,0,0,0,0,0,0,0,0,0,0,0,0,0,0,0,0,0,0,39.39870316,-99.41461919
11,United States of America,1/13/2020,0,0,0,0,0,0,0,0,0,0,0,0,0,0,0,0,0,0,0,0,0,0,0,0,0,0,0,39.39870316,-99.41461919
12,United States of America,1/14/2020,0,0,0,0,0,0,0,0,0,0,0,0,0,0,0,0,0,0,0,0,0,0,0,0,0,0,0,39.39870316,-99.41461919
13,United States of America,1/15/2020,0,0,0,0,0,0,0,0,0,0,0,0,0,0,0,0,0,0,0,0,0,0,0,0,0,0,0,39.39870316,-99.41461919
14,United States of America,1/16/2020,0,0,0,0,0,0,0,0,0,0,0,0,0,0,0,0,0,0,0,0,0,0,0,0,0,0,0,39.39870316,-99.41461919
15,United States of America,1/17/2020,0,0,0,0,0,0,0,0,0,0,0,0,0,0,0,0,0,0,0,0,0,0,0,0,0,0,0,39.39870316,-99.41461919
16,United States of America,1/18/2020,0,0,0,0,0,0,0,0,0,0,0,0,0,0,0,0,0,0,0,0,0,0,0,0,0,0,0,39.39870316,-99.41461919
17,United States of America,1/19/2020,0,0,0,0,0,0,0,0,0,0,0,0,0,0,0,0,0,0,0,0,0,0,0,0,0,0,0,39.39870316,-99.41461919
18,United States of America,1/20/2020,0,0,0,0,0,0,0,0,0,0,0,0,0,0,0,0,0,0,0,0,0,0,0,0,0,0,0,39.39870316,-99.41461919
19,United States of America,1/21/2020,0,0,0,0,0,0,0,0,0,0,0,0,0,0,0,0,0,0,0,0,0,0,0,0,0,0,0,39.39870316,-99.41461919
20,United States of America,1/22/2020,0,0,0,0,0,0,0,0,0,0,0,0,0,0,0,0,0,0,0,0,0,0,0,0,0,0,0,39.39870316,-99.41461919
21,United States of America,1/23/2020,0,0,0,0,0,0,0,0,0,0,0,0,0,0,0,0,0,0,0,0,0,0,0,0,0,0,0,39.39870316,-99.41461919
22,United States of America,1/24/2020,0,0,0,0,0,0,0,0,0,0,0,0,0,0,0,0,0,0,0,0,0,0,0,0,0,0,0,39.39870316,-99.41461919
23,United States of America,1/25/2020,0,0,0,0,0,0,0,0,0,0,0,0,0,0,0,0,0,0,0,0,0,0,0,0,0,0,0,39.39870316,-99.41461919
24,United States of America,1/26/2020,0,0,0,0,0,0,0,0,0,0,0,0,0,0,0,0,0,0,0,0,0,0,0,0,0,0,0,39.39870316,-99.41461919
25,United States of America,1/27/2020,0,0,0,0,0,0,0,0,0,0,0,0,0,0,0,0,0,0,0,0,0,0,0,0,0,0,0,39.39870316,-99.41461919
26,United States of America,1/28/2020,0,0,0,0,0,0,0,0,0,0,0,0,0,0,0,0,0,0,0,0,0,0,0,0,0,0,0,39.39870316,-99.41461919
27,United States of America,1/29/2020,0,0,0,0,0,0,0,0,0,0,0,0,0,0,0,0,0,0,0,0,0,0,0,0,0,0,0,39.39870316,-99.41461919
28,United States of America,1/30/2020,0,0,0,0,0,0,0,0,0,0,0,0,0,0,0,0,0,0,0,0,0,0,0,0,0,0,0,39.39870316,-99.41461919
29,United States of America,1/31/2020,0,0,0,0,0,0,0,0,0,0,0,0,0,0,0,0,0,0,0,0,0,0,0,0,0,0,0,39.39870316,-99.41461919
30,United States of America,2/1/2020,0,0,0,0,0,0,0,0,0,0,0,0,0,0,0,0,0,0,0,0,0,0,0,0,0,0,0,39.39870316,-99.41461919
31,United States of America,2/2/2020,0,0,0,0,0,0,0,0,0,0,0,0,0,0,0,0,0,0,0,0,0,0,0,0,0,0,0,39.39870316,-99.41461919
32,United States of America,2/3/2020,0,0,0,0,0,0,0,0,0,0,0,0,0,0,0,0,0,0,0,0,0,0,0,0,0,0,0,39.39870316,-99.41461919
33,United States of America,2/4/2020,0,0,0,0,0,0,0,0,0,0,0,0,0,0,0,0,0,0,0,0,0,0,0,0,0,0,0,39.39870316,-99.41461919
34,United States of America,2/5/2020,0,0,0,0,0,0,0,0,0,0,0,0,0,0,0,0,0,0,0,0,0,0,0,0,0,0,0,39.39870316,-99.41461919
35,United States of America,2/6/2020,0,0,0,0,0,0,0,0,0,0,0,0,0,0,0,0,0,0,0,0,0,0,0,0,0,0,0,39.39870316,-99.41461919
36,United States of America,2/7/2020,0,0,0,0,0,0,0,0,0,0,0,0,0,0,0,0,0,0,0,0,0,0,0,0,0,0,0,39.39870316,-99.41461919
37,United States of America,2/8/2020,0,0,0,0,0,0,0,0,0,0,0,0,0,0,0,0,0,0,0,0,0,0,0,0,0,0,0,39.39870316,-99.41461919
38,United States of America,2/9/2020,0,0,0,0,0,0,0,0,0,0,0,0,0,0,0,0,0,0,0,0,0,0,0,0,0,0,0,39.39870316,-99.41461919
39,United States of America,2/10/2020,0,0,0,0,0,0,0,0,0,0,0,0,0,0,0,0,0,0,0,0,0,0,0,0,0,0,0,39.39870316,-99.41461919
40,United States of America,2/11/2020,0,0,0,0,0,0,0,0,0,0,0,0,0,0,0,0,0,0,0,0,0,0,0,0,0,0,0,39.39870316,-99.41461919
41,United States of America,2/12/2020,0,0,0,0,0,0,0,0,0,0,0,0,0,0,0,0,0,0,0,0,0,0,0,0,0,0,0,39.39870316,-99.41461919
42,United States of America,2/13/2020,0,0,0,0,0,0,0,0,0,0,0,0,0,0,0,0,0,0,0,0,0,0,0,0,0,0,0,39.39870316,-99.41461919
43,United States of America,2/14/2020,0,0,0,0,0,0,0,0,0,0,0,0,0,0,0,0,0,0,0,0,0,0,0,0,0,0,0,39.39870316,-99.41461919
44,United States of America,2/15/2020,0,0,0,0,0,0,0,0,0,0,0,0,0,0,0,0,0,0,0,0,0,0,0,0,0,0,0,39.39870316,-99.41461919
45,United States of America,2/16/2020,0,0,0,0,0,0,0,0,0,0,0,0,0,0,0,0,0,0,0,0,0,0,0,0,0,0,0,39.39870316,-99.41461919
46,United States of America,2/17/2020,0,0,0,0,0,0,0,0,0,0,0,0,0,0,0,0,0,0,0,0,0,0,0,0,0,0,0,39.39870316,-99.41461919
47,United States of America,2/18/2020,0,0,0,0,0,0,0,0,0,0,0,0,0,0,0,0,0,0,0,0,0,0,0,0,0,0,0,39.39870316,-99.41461919
48,United States of America,2/19/2020,0,0,0,0,0,0,0,0,0,0,0,0,0,0,0,0,0,0,0,0,0,0,0,0,0,0,0,39.39870316,-99.41461919
49,United States of America,2/20/2020,0,0,0,0,0,0,0,0,0,0,0,0,0,0,0,0,0,0,0,0,0,0,0,0,0,0,0,39.39870316,-99.41461919
50,United States of America,2/21/2020,5.32785,4.6,6.55,2,2,2,2,2,2,0,0,0,5.32785,4.6,6.55,2,2,2,0,0,0,0,0,0,0,0,0,39.39870316,-99.41461919
51,United States of America,2/22/2020,10.28874028,8.3,13.25,3,3,3,3,3,3,0,0,0,4.960890278,3.3,7.70125,1,1,1,0,0,0,0,0,0,0,0,0,39.39870316,-99.41461919
52,United States of America,2/23/2020,15.59044028,13.3,18.55,5,5,5,5,5,5,0,0,0,5.3017,4.5,6.55,2,2,2,0,0,0,0,0,0,0,0,0,39.39870316,-99.41461919
53,United States of America,2/24/2020,18.26149028,15.9,21.15,6.20315,6.05,6.40125,6.13235,6,6.3,0,0,0,2.67105,2.1,3.65,1.20315,1.05,1.40125,0,0,0,0,0,0,0,0,0,39.39870316,-99.41461919
54,United States of America,2/25/2020,26.20824028,23.6,29.4,9.451802309,9.15,9.8,9.294515974,9.1,9.55,0,0,0,7.94675,7,9.25125,3.248652309,3.05,3.55,0,0,0,0,0,0,0,0,0,39.39870316,-99.41461919
55,United States of America,2/26/2020,34.23805958,30.69960526,38.45125,11.66275231,11.35,12.05059211,11.43196597,11.15256579,11.75,2,2,2,8.029819298,5.9,10.85125,2.21095,2.05,2.45,2,2,2,0,0,0,0,0,0,39.39870316,-99.41461919
56,United States of America,2/27/2020,45.67870256,41.3,50.8,13.76810231,13.4,14.2,13.49906597,13.25,13.85,1,1,1,13.44064298,11.09447368,16.75,4.10535,4,4.25,3,3,3,0,0,0,0,0,0,39.39870316,-99.41461919
57,United States of America,2/28/2020,52.20614476,46.73263158,58.66791667,16.08205231,15.65,16.55125,15.70336597,15.35,16.1,2,2,2,10.6521422,8.137727273,14.5125817,3.31395,3.1,3.55,5,5,5,0,0,0,0,0,0,39.39870316,-99.41461919
58,United States of America,2/29/2020,59.83038545,54.2153201,66.28338235,18.46198213,17.95,19.06407895,17.94783469,17.55,18.4,1,1,1,13.33647865,11,16.26921053,4.379929825,4.1,4.75,6,6,6,0,0,0,0,0,0,39.39870316,-99.41461919
59,United States of America,3/1/2020,71.70923545,65.94764706,78.13798319,24.06463769,23.42565789,24.8,23.34198089,22.86559211,23.9,3,3,3,15.9696,14.4,17.85,6.602655556,6.25,7,9,9,9,0,0,0,0,0,0,39.39870316,-99.41461919
60,United States of America,3/2/2020,67.14353545,61.32764098,73.58533835,21.54324079,20.85294118,22.35894737,20.65000842,20.11751838,21.31258224,2,2,2,0,0,0,0.478603104,0.1625,0.927285354,11,11,11,0,0,0,0,0,0,39.39870316,-99.41461919
61,United States of America,3/3/2020,93.04581795,84.21581736,104.2242599,28.12990804,27.3665625,29.03534926,27.03159614,26.4165625,27.75,4,4,4,32.53508251,26.05394737,43.95006579,8.586667251,8.25,8.989736842,15,15,15,0,0,0,0,0,0,39.39870316,-99.41461919
62,United States of America,3/4/2020,102.3910811,93.3825,114.6433406,28.75760804,27.858363,29.7572584,27.44419614,26.76083333,28.2,3,3,3,18.99515263,14.6,23.81697368,4.6277,4.3,5,18,18,18,0,0,0,0,0,0,39.39870316,-99.41461919
63,United States of America,3/5/2020,111.8140287,100.407218,126.3360069,29.75760804,28.858363,30.7572584,28.44419614,27.76083333,29.2,4,4,4,21.260935,15.55171053,31.89343814,4,4,4,22,22,22,0,0,0,0,0,0,39.39870316,-99.41461919
64,United States of America,3/6/2020,132.6328082,120.0115486,148.4851739,33.28879919,32.07136535,34.75803927,31.43382042,30.4942577,32.60020677,6,6,6,31.99231863,25.8499812,39.43463235,7.531191144,6.772127193,8.650657895,28,28,28,0,0,0,0,0,0,39.39870316,-99.41461919
65,United States of America,3/7/2020,144.1644148,131.3080608,162.4284211,34.23649568,32.90081767,35.77107656,32.05250609,31.02479793,33.29921651,0,0,0,26.28141801,20.94924107,33.8465625,6.947696491,6.5,7.4,28,28,28,0,0,0,0,0,0,39.39870316,-99.41461919
66,United States of America,3/8/2020,161.4644575,146.0821643,181.7699819,40.12506475,38.53855263,42.00081767,37.62996695,36.46575188,39.08640351,8,8,8,26.64194263,21.54284955,33.05125,6.091719072,5.444847915,7.169943609,36,36,36,0,0,0,0,0,0,39.39870316,-99.41461919
67,United States of America,3/9/2020,199.1933712,179.82238,222.4185074,43.50915255,41.88020362,45.43866019,40.52548879,39.29364976,42.13594491,4,4,4,45.72891376,36.54305674,58.74169773,11.63274011,10.98680668,12.41260417,40,40,40,0,0,0,0,0,0,39.39870316,-99.41461919
68,United States of America,3/10/2020,227.8920695,207.5500719,250.4431832,51.59802836,49.74430481,53.7680561,48.228985,46.82052632,49.95429537,4,4,4,55.70258962,45.53831495,68.8884668,12.2998258,11.64982143,13.15786654,44,44,44,0,0,0,0,0,0,39.39870316,-99.41461919
69,United States of America,3/11/2020,316.9264024,292.2496705,343.9394951,72.84768676,70.89969925,75.09326676,69.04764956,67.64985661,70.71315872,6,6,6,107.081789,92.10915316,125.8001019,25.3550084,24.77940789,26.03864372,50,50,50,0,0,0,0,0,0,39.39870316,-99.41461919
70,United States of America,3/12/2020,403.449601,373.8729749,433.6746712,91.78445727,89.42549351,94.23551611,87.31136372,85.63984806,89.16771617,6,6,6,108.8955646,94.08885352,127.2786957,25.25072051,24.21920081,26.82039445,56,56,56,0,0,0,0,0,0,39.39870316,-99.41461919
71,United States of America,3/13/2020,474.7004679,441.2933899,509.4140971,109.2399501,106.6962445,112.1078423,103.9076212,101.8973742,106.1047748,5,5,5,101.8590978,87.27398731,121.5106588,23.83542261,22.71480949,25.25226103,61,61,61,0,0,0,0,0,0,39.39870316,-99.41461919
72,United States of America,3/14/2020,773.1461322,728.6387095,824.1117844,178.8447064,175.7756324,182.5337134,171.9221875,169.5411797,174.7928307,10,10,10,322.6382065,290.8148395,362.3147792,75.20741192,73.50542011,77.32681844,71,71,71,0,0,0,0,0,0,39.39870316,-99.41461919
73,United States of America,3/15/2020,974.3329631,923.3167257,1034.255946,222.8212702,219.2718464,227.0792809,214.1530156,211.3767143,217.3467385,11,11,11,231.5791151,209.5198426,258.143102,54.45516684,52.87180631,56.67167243,82,82,82,0,0,0,0,0,0,39.39870316,-99.41461919
74,United States of America,3/16/2020,1231.038357,1171.53565,1295.780602,282.3205425,278.4665055,287.0348265,272.0366468,269.1407782,275.4013711,24,24,24,301.4975374,271.5536141,336.5045341,71.08593963,69.42753211,73.08717504,106,106,106,0,0,0,0,0,0,39.39870316,-99.41461919
75,United States of America,3/17/2020,1707.85043,1634.385381,1785.944548,402.6426126,396.9337457,408.8741082,386.9882388,382.6667317,391.3948202,23,23,23,543.05917,494.4112843,589.880961,144.94977,141.1719705,149.3597612,129,129,129,0,0,0,0,0,0,39.39870316,-99.41461919
76,United States of America,3/18/2020,2149.211943,2060.447341,2240.034043,516.1216447,510.5189735,522.8194364,496.4506639,491.8552635,501.5380113,21,21,21,542.8385451,500.7987368,590.025632,136.4790321,134.0097704,139.4903405,150,150,150,0,0,0,0,0,0,39.39870316,-99.41461919
77,United States of America,3/19/2020,2779.856757,2680.290367,2883.918979,672.4163247,665.3852817,680.2556219,648.1045899,642.9699301,653.7524405,70,70,70,732.5638152,681.6401068,787.0331237,178.8258711,175.3957713,182.6688894,220,220,220,0,0,0,0,0,0,39.39870316,-99.41461919
78,United States of America,3/20/2020,3673.577005,3547.309898,3797.07922,862.602718,853.4981202,872.670125,829.4790056,822.6678416,837.0160059,49,49,49,1040.080073,972.8711174,1107.081513,261.1340898,255.7145364,267.2402344,269,269,269,0,0,0,0,0,0,39.39870316,-99.41461919
79,United States of America,3/21/2020,4608.081835,4472.536645,4746.178263,1122.875089,1112.681611,1133.568318,1080.882687,1073.027178,1089.038014,66,66,66,1220.820967,1158.365682,1289.648895,310.3640896,306.1466326,315.5243014,335,335,335,0,0,0,0,0,0,39.39870316,-99.41461919
80,United States of America,3/22/2020,6078.912744,5914.329971,6237.506897,1490.054424,1478.80976,1501.878906,1436.070316,1426.882003,1445.525675,129,129,129,1707.930992,1629.47598,1796.259018,434.8120751,428.8200071,440.5826616,464,464,464,0,0,0,0,0,0,39.39870316,-99.41461919
81,United States of America,3/23/2020,7562.950214,7391.677796,7746.501105,1854.265853,1840.587058,1868.563765,1783.001322,1772.128257,1793.793463,125,125,125,1835.240328,1754.930369,1929.771698,494.5112557,487.3752604,502.0696882,589,589,589,0,0,0,0,0,0,39.39870316,-99.41461919
82,United States of America,3/24/2020,8817.458421,8615.349921,9011.835998,2227.012305,2211.379731,2243.200164,2135.512276,2123.331877,2148.271998,164,164,164,1768.380984,1675.54061,1866.048468,499.1014595,491.5546975,507.0136953,753,753,753,0,0,0,139.2315,128.5,150,39.39870316,-99.41461919
83,United States of America,3/25/2020,10465.41116,10252.22395,10686.18061,2678.338882,2659.690698,2696.428364,2558.651528,2544.610133,2573.477334,235,235,235,2204.518912,2108.265083,2310.064956,617.5772978,608.6610573,628.0680458,988,988,988,0,0,0,358.497,346.5,372.0125,39.39870316,-99.41461919
84,United States of America,3/26/2020,13358.18508,13099.51931,13612.88902,3400.216818,3379.804208,3420.851862,3250.829445,3234.963888,3267.640804,284,284,284,3662.158405,3541.845446,3783.972238,959.7133589,949.8969365,970.1358207,1272,1272,1272,0,0,0,641.663,627,658,39.39870316,-99.41461919
85,United States of America,3/27/2020,16100.54758,15826.44454,16380.63588,4106.001368,4082.720122,4130.501317,3929.036068,3910.242551,3948.142809,399,399,399,3782.231138,3656.820185,3914.606697,994.9919618,984.9681669,1006.608445,1671,1671,1671,0,0,0,962.845,946.4875,982,39.39870316,-99.41461919
86,United States of America,3/28/2020,19712.47511,19404.80601,20017.7296,4967.728064,4941.021171,4993.100595,4756.007331,4735.7257,4777.013936,444,444,444,4890.002044,4730.762588,5048.402031,1266.181863,1254.849697,1277.917124,2115,2115,2115,0,0,0,1296.581594,1268.4875,1326.0125,39.39870316,-99.41461919
87,United States of America,3/29/2020,22730.03933,22419.8832,23075.31254,5857.698154,5827.921479,5886.874788,5586.298627,5563.504702,5610.408745,440,440,440,4690.168643,4543.314499,4834.609745,1339.056029,1325.778796,1353.55844,2555,2555,2555,0,0,0,1809.846996,1771.5,1850,39.39870316,-99.41461919
88,United States of America,3/30/2020,26348.91274,25995.4859,26726.07271,6896.594001,6862.770318,6929.448081,6567.576049,6541.458383,6593.076734,535,535,535,5365.235793,5191.17152,5545.456114,1494.845617,1479.065007,1510.915447,3090,3090,3090,0,0,0,2486.778475,2444.9875,2532.5,39.39870316,-99.41461919
89,United States of America,3/31/2020,29436.33876,29065.92904,29810.57259,7784.27192,7748.693901,7819.988183,7376.87199,7348.758666,7404.386613,872,872,872,4872.022454,4716.408705,5025.099084,1434.156952,1417.506473,1451.661757,3962,3962,3962,0,0,0,2989.195473,2940.5,3041.5125,39.39870316,-99.41461919
90,United States of America,4/1/2020,31794.85463,31425.69467,32188.4736,8276.693279,8235.669307,8317.143226,7796.889868,7766.868429,7826.423153,911,911,911,4800.308092,4655.395583,4955.569272,1379.247229,1363.410193,1395.881836,4873,4873,4873,0,0,0,3297.704337,3245.5,3354.0125,39.39870316,-99.41461919
91,United States of America,4/2/2020,36576.73661,36181.3364,36983.87372,9588.967002,9547.028731,9630.504886,9028.891173,8996.231214,9061.882398,1161,1161,1161,8312.070294,8117.591116,8512.783788,2249.407814,2230.344246,2268.785654,6034,6034,6034,0,0,0,4023.575281,3963.96875,4084.55,39.39870316,-99.41461919
92,United States of America,4/3/2020,40705.83297,40300.0053,41157.53472,10534.27653,10488.89753,10580.20343,9902.55206,9867.666175,9939.458267,1163,1163,1163,7996.431646,7804.22533,8184.738983,2132.673618,2115.534772,2150.419858,7197,7197,7197,111.3435,0,431.65,4606.358325,4536.475,4682.26875,39.39870316,-99.41461919
93,United States of America,4/4/2020,43655.76326,43231.42493,44134.9836,11406.39953,11360.30704,11454.72868,10706.60067,10672.09285,10745.28385,1314,1314,1314,7618.254414,7425.984091,7815.070452,2070.935075,2054.97983,2088.263736,8511,8511,8511,1165.0445,849.9625,1495.675,5119.297871,5031.29875,5209.170833,39.39870316,-99.41461919
94,United States of America,4/5/2020,47491.61017,47008.54894,47981.66695,12447.22035,12395.97007,12502.11935,11625.93458,11587.54072,11668.33721,1199,1199,1199,8469.594195,8251.690599,8676.277686,2405.332078,2382.893804,2428.456913,9710,9710,9710,1902.8465,1584.9875,2251.5875,5755.893509,5661.56,5861.224443,39.39870316,-99.41461919
95,United States of America,4/6/2020,50273.26325,49771.64634,50791.45612,13424.24786,13369.45241,13485.8847,12489.41828,12446.58307,12538.96427,1157,1157,1157,7802.615152,7610.605731,7985.470697,2235.128961,2212.010487,2257.399895,10867,10867,10867,2410.962,2067.975,2766.525,6417.434275,6317.95625,6528.959018,39.39870316,-99.41461919
96,United States of America,4/7/2020,51811.23263,51308.63776,52344.51792,14071.05061,14008.74618,14135.4114,13037.75602,12989.06713,13090.08738,1994,1994,1994,6162.682305,5978.040858,6335.915374,1886.380048,1860.718962,1905.693511,12861,12861,12861,3067.796048,2687.45,3531.78125,6962.587808,6853.555938,7079.116299,39.39870316,-99.41461919
97,United States of America,4/8/2020,55568.92343,48197.46132,76890.52476,14547.13848,12860.96161,19503.81792,13401.84675,11716.21012,18388.53802,1901,1901,1901,9200.875895,1857.643096,30327.54772,2557.801235,869.5347449,7505.275285,14762,14762,14762,3840.891603,1744.984375,12259.7375,7214.403505,6152.299777,10231.65272,39.39870316,-99.41461919
98,United States of America,4/9/2020,56084.12184,41419.24668,98640.39144,14889.57803,11537.77053,24688.31674,13642.27014,10296.44273,23447.07942,1841,1841,1841,8386.447884,1140.972012,29560.98268,2327.431508,669.2865754,7155.116931,16603,16603,16603,3744.084945,0,20577.4375,7316.286171,5246.373349,13534.35661,39.39870316,-99.41461919
99,United States of America,4/10/2020,56831.41237,35045.38056,119969.2461,15163.81139,10179.68689,29615.11491,13851.00386,8880.391109,28298.05929,2007,2007,2007,8358.694669,1197.250409,28937.12312,2220.415228,591.266407,6866.985629,18610,18610,18610,3497.570044,0,28032.95,7368.87747,4361.946405,17066.67923,39.39870316,-99.41461919
100,United States of America,4/11/2020,57600.61299,28885.15588,140440.7409,15313.45565,8414.280693,35268.33199,13907.0259,7140.212605,33447.2795,1851,1851,1851,8271.872286,1284.425046,28142.03315,2332.700284,410.3906096,7834.41516,20461,20461,20461,3075.43956,0,36047.50726,7236.421915,3310.749756,21060.57894,39.39870316,-99.41461919
101,United States of America,4/12/2020,57725.74142,22224.28609,159590.2519,15524.7146,6761.726891,40706.47384,14039.58896,5543.51211,38417.40836,1522.22,1518,1528.05,8118.658749,1380.123673,27224.85926,2243.104574,393.749688,7453.023336,21983.22,21979,21989.05,2506.402417,0,43357.74436,7125.460184,2329.275938,25135.58458,39.39870316,-99.41461919
102,United States of America,4/13/2020,58471.01503,16458.91313,178515.3066,15951.66613,5432.329484,46005.31995,14407.12065,4272.318078,43297.55862,2150.024,464,7083.725,7928.302211,1445.873807,26054.93783,2184.328477,407.4226628,7078.748192,24133.244,22443,29077.025,1929.431562,0,51319.34554,7011.303051,1440.342049,29277.80424,39.39870316,-99.41461919
103,United States of America,4/14/2020,59572.32409,13060.03025,191692.2569,15696.42483,5162.245107,45373.6101,14088.8324,4045.928285,42252.65595,1952.633,291.95,6771.15,7704.580004,1481.24365,24728.57514,2117.029934,420.265384,6711.719045,26085.877,22738.8,35887.125,2247.193979,0,56490.82225,6613.064702,1298.794479,28297.07503,39.39870316,-99.41461919
104,United States of America,4/15/2020,58293.96612,12885.65712,186717.4775,15532.60993,5033.091273,44702.1727,13875.94784,4005.961972,41205.11505,1928.018,306.875,6564.425,7456.898671,1539.133147,23671.19452,2044.22591,427.7304792,6333.235139,28013.895,23045.875,42451.55,2496.865395,0,51098.41528,6245.741331,1186.873958,27296.07186,39.39870316,-99.41461919
105,United States of America,4/16/2020,57356.41572,13073.48522,181094.3182,15342.28214,4933.744819,43912.34918,13630.96988,3954.447454,40027.75858,1888.416,325.925,6277.5,7199.663526,1527.380653,21765.14724,1969.363834,438.8704958,6006.727428,29902.311,23374.85,48729.05,2757.004576,0,45035.04598,5907.336467,1118.378136,26007.57338,39.39870316,-99.41461919
106,United States of America,4/17/2020,56148.29515,13257.46395,174184.0526,15119.54863,4820.9683,42985.70079,13356.7756,3878.305509,38783.28486,1837.64,339.875,5960.475,6940.641576,1617.354713,20280.69374,1895.617562,438.8898208,5593.302041,31739.951,23724.375,54689.725,2998.692618,0,39207.55391,5613.860605,1016.532149,24799.86184,39.39870316,-99.41461919
107,United States of America,4/18/2020,54797.93967,13476.31476,166567.7508,14707.35547,4546.058193,41971.71711,12955.33613,3699.075989,37488.34607,1778.841,349.875,5631.425,6691.037103,1623.224212,19483.07631,1823.778912,438.35446,5340.259067,33518.792,24070.575,60323.05,3220.453081,0,33709.14723,5230.811349,818.2958333,23662.59802,39.39870316,-99.41461919
108,United States of America,4/19/2020,53323.16494,13580.30737,159133.4417,14298.94888,4253.449738,40976.42911,12557.51865,3518.866988,36239.1992,1715.079,356.9,5312.375,6444.762919,1654.631195,18374.04977,1754.56338,438.6996626,5014.465625,35233.871,24421.975,65638.425,3416.754069,0,28654.60313,4871.32097,649.4816667,22547.83483,39.39870316,-99.41461919
109,United States of America,4/20/2020,51823.94771,13550.16128,152035.9854,13909.75989,3966.891789,40078.10153,12176.56353,3339.479877,35114.86737,1648.496,361.9,4988.65,6210.008763,1595.85505,17762.84841,1690.050054,423.1874576,4785.565538,36882.367,24774.875,70631.075,3587.801037,0,25372.37876,4554.864611,496.7988736,21792.51848,39.39870316,-99.41461919
110,United States of America,4/21/2020,50328.54702,13382.53763,145530.3427,13483.81864,3599.263616,39281.40075,11777.9752,3085.300358,34122.0977,1582.376,364.825,4684.125,5995.035833,1497.53782,16935.41827,1630.33199,409.9630437,4608.256731,38464.743,25145.6,75319.925,3735.146781,0,24838.20536,4248.918893,325.2082143,21129.21493,39.39870316,-99.41461919
111,United States of America,4/22/2020,48694.82164,12850.68183,139765.8438,13101.76344,3237.117644,38673.33123,11416.00629,2831.280795,33350.57341,1518.122,368.9,4386.25,5789.027451,1414.448164,16785.2043,1575.119306,395.594274,4480.869582,39982.865,25506.7,79711.275,3843.027786,0,23929.945,3976.212725,281.1545238,20751.50872,39.39870316,-99.41461919
112,United States of America,4/23/2020,47126.32645,12419.11366,135081.7394,12815.26486,2948.891274,38412.12891,11124.39451,2617.589743,32886.304,1457.421,364.975,4129.525,5597.134918,1320.344699,16431.15739,1524.020646,368.3475523,4427.747759,41440.286,25863.875,83841.05,3968.272458,0,24574.5875,3751.686668,262.1079762,20417.33342,39.39870316,-99.41461919
113,United States of America,4/24/2020,45639.75299,11783.65043,131600.2022,12390.48002,2834.616984,37026.9,10750.95246,2515.331887,31770.45055,1400.655,359,3931.6,5415.900116,1233.88196,15901.10002,1476.92044,345.9284257,4304.172196,42840.941,26217.95,87772.65,4137.578302,0,25666.0275,3497.503135,248.2032051,19391.92965,39.39870316,-99.41461919
114,United States of America,4/25/2020,44176.86776,11037.02233,128904.2244,12016.26727,2747.359316,35850.71556,10418.8518,2423.650604,30824.12001,1348.423,345.875,3775.875,5249.383115,1156.76601,15759.86648,1431.906824,320.5057101,4248.714822,44189.364,26563.8,91548.525,4266.490256,0,26657.39,3280.026324,230.2010714,18830.51326,39.39870316,-99.41461919
115,United States of America,4/26/2020,42813.77363,10156.26279,126308.187,11652.23487,2638.086168,34824.62285,10099.90912,2309.084056,30009.59159,1300.552,333.775,3663,5086.229988,1072.706277,15458.83303,1389.878075,293.5685213,4189.877978,45489.916,26897.8,95211.525,4347.281854,0,28125.3375,3211.279241,209.567619,18339.05674,39.39870316,-99.41461919
116,United States of America,4/27/2020,41588.52318,9329.095097,124562.5758,11297.91344,2516.601882,33896.67678,9792.901158,2187.386816,29316.75083,1257.114,314.7,3584.95,4922.7609,970.1699478,15162.42172,1348.181511,270.8386249,4099.261885,46747.03,27212.8,98796.475,4372.675056,0,29094.06667,3240.095666,187.4232292,17971.25601,39.39870316,-99.41461919
117,United States of America,4/28/2020,40253.52487,8717.250795,121798.4698,10954.2252,2389.064328,33048.6181,9497.185893,2061.436614,28647.6374,1217.497,294.675,3522.05,4764.65136,897.8190032,14785.82887,1309.155667,248.580565,4032.761864,47964.527,27508.775,102318.525,4329.911695,0,29244.1,3251.598579,176.02,17552.41296,39.39870316,-99.41461919
118,United States of America,4/29/2020,39000.901,8105.308023,119194.5689,10618.7088,2250.068528,32151.40043,9209.72897,1929.264425,27954.42208,1180.688,268.85,3467.025,4616.627335,836.1882993,14716.33221,1268.968428,229.782305,3945.539766,49145.215,27783.625,105785.55,4234.435718,0,30024.8,3244.807836,159.2516667,17227.97386,39.39870316,-99.41461919
119,United States of America,4/30/2020,37771.93532,7584.163591,116020.0689,10289.68856,2117.116149,31429.66557,8928.137854,1801.110834,27377.42319,1146.283,248.9,3420.875,4460.574643,756.0919266,14263.60529,1229.163326,208.4169758,3881.237665,50291.498,28042.45,109207.8,4090.260802,0,30472.1125,3220.931693,142.1966667,17058.69929,39.39870316,-99.41461919
120,United States of America,5/1/2020,36555.41976,7099.76792,113705.3268,9965.078765,1976.712998,30560.51761,8650.205451,1673.132238,26685.87707,1113.605,228,3373.025,4300.444971,690.1073114,13951.73783,1188.031117,188.8417829,3839.301891,51405.103,28282.2,112584.075,3893.464301,0,30937.9125,3179.550127,119.900625,17003.38842,39.39870316,-99.41461919
121,United States of America,5/2/2020,35345.77515,6557.704007,111171.9396,9644.134573,1847.563952,29822.16556,8373.594707,1556.752608,25972.26474,1081.696,209.95,3323.1,4143.809749,608.0852852,13590.16188,1146.569189,171.6186667,3801.447839,52486.799,28501.95,115920.4,3654.155888,0,31097.3,3122.158793,102.2433333,17009.39596,39.39870316,-99.41461919
122,United States of America,5/3/2020,34123.04365,6060.096124,107974.7829,9322.073261,1713.652397,28979.3146,8094.099755,1437.138495,25333.6761,1050.175,191,3253.025,3968.245901,549.4038084,13201.20394,1101.261742,155.487051,3706.873605,53536.974,28705.625,119213.625,3365.547883,0,30640.9875,3047.71095,80.77642857,17074.40565,39.39870316,-99.41461919
123,United States of America,5/4/2020,32877.94709,5580.847965,106115.6366,8993.635589,1581.685926,28233.4855,7807.294241,1318.274969,24864.69991,1018.637,177.925,3194.925,3781.349573,483.8156457,13016.11204,1051.517318,135.8763807,3603.013705,54555.611,28894.35,122460.025,3122.875182,0,29912.7375,2954.815377,62.76461538,17033.26785,39.39870316,-99.41461919
124,United States of America,5/5/2020,31606.27267,5068.005839,102933.0603,8658.461798,1440.254973,27743.53932,7512.396237,1201.584819,24470.38014,986.874,159.975,3175.275,3593.726736,433.4884266,12639.24869,1001.468516,119.9641107,3489.585649,55542.485,29068.975,125658.275,2903.31535,0,29420.1625,2845.582686,43.75607143,16991.16024,39.39870316,-99.41461919
125,United States of America,5/6/2020,30296.10199,4582.525053,100116.6162,8315.118831,1316.821443,27217.5171,7208.523787,1093.262719,23976.87368,953.961,144.925,3126.45,3401.634841,379.2290915,12114.95642,950.0546783,105.9490881,3386.591477,56496.446,29226.65,128804.375,2668.379708,0,28350.75,2720.683478,26.54833333,16717.19663,39.39870316,-99.41461919
126,United States of America,5/7/2020,28954.30905,4112.205462,97655.55529,7963.0692,1189.313804,26606.13423,6895.516679,982.9677799,23353.54142,919.602,130.95,3071.55,3208.613013,326.7155257,11743.59342,898.1438095,93.09238412,3286.569477,57416.048,29367.4,131894.85,2422.575067,0,27279.49583,2581.288907,10.90375,16281.9503,39.39870316,-99.41461919
127,United States of America,5/8/2020,27589.48703,3649.40219,94449.55249,7604.271942,1067.82646,25866.56466,6574.901036,878.2609833,22684.46056,882.379,117.925,3009.7,3020.075625,280.7363402,11068.09169,846.4285654,80.29327436,3148.043547,58298.427,29481.5,134939.5,2168.382625,0,25896.4625,2430.166338,0,15810.70474,39.39870316,-99.41461919
128,United States of America,5/9/2020,26200.23975,3263.36856,91295.59027,7240.191059,955.5840335,25056.85321,6249.303931,783.3613428,21934.90221,840.549,102.975,2929.6,2831.988258,243.9611003,10788.77626,794.5711932,69.16729295,3007.89821,59138.976,29584.475,137895.25,1905.643513,0,24720.4125,2269.604266,0,15261.03415,39.39870316,-99.41461919
129,United States of America,5/10/2020,24803.10647,2905.792326,88167.35511,6876.116725,853.3424263,24184.26301,5923.826424,690.522068,21115.14367,798.112,90,2845.25,2641.364592,219.8569139,9986.56786,742.9601766,60.29020941,2849.264798,59937.088,29675.475,140762.05,1636.638273,0,23344.4,2103.377888,0,14617.70819,39.39870316,-99.41461919
130,United States of America,5/11/2020,23415.43057,2568.874202,84105.48356,6512.359366,755.5248405,23264.32748,5598.71471,613.9716793,20279.91646,755.613,78,2752.025,2462.128307,179.8714294,9449.018285,693.3353078,52.0590663,2678.850834,60692.701,29751.6,143530.925,1390.32303,0,22023.8375,1933.439563,0,13934.42251,39.39870316,-99.41461919
131,United States of America,5/12/2020,22037.56043,2252.212659,80520.4362,6150.664451,670.9031134,22280.0449,5275.90984,540.7853458,19387.11179,712.803,68.975,2643.125,2282.720849,159.3905486,8975.22089,644.2495133,45.21397991,2537.100159,61405.504,29818.7,146191.975,1157.800012,0,20468.125,1761.767753,0,13274.2839,39.39870316,-99.41461919
132,United States of America,5/13/2020,20680.8586,1986.329442,76663.82307,5791.861796,586.2688999,21284.02075,4956.427996,473.6442283,18469.02284,670.168,58,2524.2,2111.831899,142.1760919,8442.997685,596.2896716,39.62660475,2348.040207,62075.672,29876.7,148738.075,931.6188222,0,19050.8125,1589.342463,0,12464.7852,39.39870316,-99.41461919
133,United States of America,5/14/2020,19353.24349,1740.055503,72645.05627,5438.041874,511.7887388,20281.88402,4642.268849,411.3265535,17540.43926,628.007,51.95,2399.425,1948.059231,121.8528018,7882.083007,550.4181944,34.03962775,2200.162053,62703.679,29925.825,151167.325,711.2378333,0,17453.02083,1426.204781,0,11639.19597,39.39870316,-99.41461919
134,United States of America,5/15/2020,18056.17271,1524.049588,68834.15538,5088.993272,452.3885519,19237.41022,4333.394222,363.7697334,16599.70696,586.171,44,2274.475,1791.738212,99.06945738,7266.40144,505.9255872,29.14326906,2065.991606,63289.85,29968.85,153471.8,497.9370666,0,15606.85,1286.943937,0,10773.09953,39.39870316,-99.41461919
135,United States of America,5/16/2020,16795.18243,1315.808097,64699.8034,4747.399281,393.8090515,18194.93067,4032.198908,314.8588067,15636.85436,545.249,37.975,2144.5,1640.74989,78.89488183,6925.905598,463.4597504,23.7370714,1902.812652,63835.099,30005.875,155648.45,293.462463,0,14037.6125,1151.162995,0,9880.892717,39.39870316,-99.41461919
136,United States of America,5/17/2020,15575.40847,1142.733913,60756.60465,4414.419008,340.6767097,17143.74823,3739.487529,270.7671987,14686.79424,505.506,33,2008.55,1493.541282,60.89885739,6226.252997,423.2370448,19.38376737,1766.481271,64340.605,30036,157695.375,101.7233688,0,12545.2875,1020.339511,0,8971.410989,39.39870316,-99.41461919
137,United States of America,5/18/2020,14398.33256,973.8949299,56784.33002,4090.525907,293.2656555,16081.81366,3455.951636,230.8790692,13749.12726,466.873,28,1879.5,1358.660319,52.11057566,5741.239826,384.9694142,15.43117053,1610.303914,64807.478,30063.075,159605.675,0,0,10982.375,893.9181863,0,8039.825309,39.39870316,-99.41461919
138,United States of America,5/19/2020,13265.37096,834.413971,52972.98218,3778.462692,249.9287302,15015.36778,3183.488465,195.9940672,12796.76097,429.699,25,1747.4,1226.163859,39.84972039,5298.14761,349.2514632,12.43018062,1481.663205,65237.177,30088.075,161322.725,0,0,9319.5125,773.8665971,0,7155.186194,39.39870316,-99.41461919
139,United States of America,5/20/2020,12183.69848,699.0906775,49413.26938,3478.58455,211.6840043,13967.2902,2922.635953,163.5689212,11865.84061,393.996,21,1621.3,1108.304407,33.35444627,4821.056579,315.1616683,9.926415441,1350.467771,65631.173,30107.075,162818.825,0,0,7873.6625,659.5654565,0,6225.10546,39.39870316,-99.41461919
140,United States of America,5/21/2020,11152.42196,581.2315084,45728.12738,3192.084474,176.9210288,12963.88416,2674.32641,137.1472808,10963.92049,359.896,16,1495.325,996.2769775,28.84069756,4392.673936,283.7564888,8.449696207,1221.817043,65991.069,30125.975,164200.625,0,0,6437.725,552.2780433,0,5378.323643,39.39870316,-99.41461919
141,United States of America,5/22/2020,10171.94561,483.7427866,42177.41181,2919.764057,151.4895215,11989.90053,2439.197101,115.3310476,10112.71776,327.466,13,1373.25,892.4299708,23.47681502,3870.744503,254.1397764,7.200650155,1110.405121,66318.535,30137.975,165473.15,0,0,5089.35,451.9512583,0,4670.881579,39.39870316,-99.41461919
142,United States of America,5/23/2020,9244.961236,407.3074627,38731.96464,2662.702792,127.6378844,10992.03162,2217.68851,97.22195183,9265.924311,296.881,11,1259.125,794.783728,18.69134191,3588.23863,227.1939112,5.854152477,1004.021351,66615.416,30148.95,166636.375,0,0,3833.4,359.1121973,0,4029.510759,39.39870316,-99.41461919
143,United States of America,5/24/2020,8377.83932,341.0853693,35445.35875,2419.903279,107.7321629,10087.83392,2009.686296,81.37082448,8454.69157,268.258,9,1142.25,707.6335073,13.45314951,3163.015912,202.1677957,4.500725619,907.1574908,66883.674,30156.95,167697.4,0,0,2868.3375,272.8274852,0,3417.658333,39.39870316,-99.41461919
144,United States of America,5/25/2020,7566.187016,281.2612912,32281.47813,2192.378607,90.16168615,9260.610332,1815.481926,68.12930396,7716.465517,241.62,7,1039.025,627.679092,9.018125,2809.798586,179.4768404,3.320624355,804.3657222,67125.294,30163.95,168663.025,0,0,2337.1125,193.6052364,0,2946.0125,39.39870316,-99.41461919
145,United States of America,5/26/2020,6815.996474,229.2812297,29513.41391,1979.935921,74.55434386,8453.634142,1634.59083,56.03702523,7026.94323,216.79,6,943.05,555.5877344,8.0615625,2609.603589,158.5939865,2.642205882,716.9278872,67342.084,30168.975,169536.475,0,0,1750.075,121.2793733,0,2519.908333,39.39870316,-99.41461919
146,United States of America,5/27/2020,6119.490656,189.9174834,26900.19126,1781.952654,61.18999171,7691.699053,1466.582258,45.93265826,6366.726844,193.828,5,848.15,489.111854,4.345,2239.078258,139.5259267,1.735245098,638.1387185,67535.912,30174,170323.725,0,0,1201.75,88.78604189,0,2127.2375,39.39870316,-99.41461919
147,United States of America,5/28/2020,5474.749272,155.5622965,24200.44358,1598.722128,49.72049094,6986.700722,1311.70225,37.35970464,5756.154082,172.548,4,762.15,427.6431065,4,1981.82078,122.5270613,1.437444853,565.8224102,67708.46,30178,171026.775,0,0,774.475,60.79057349,0,1781.55,39.39870316,-99.41461919
148,United States of America,5/29/2020,4883.971778,125.7374161,21921.85191,1429.862211,40.33702565,6328.575386,1169.415234,30.23681599,5187.15033,153.151,3,682.2,375.0461489,3.4,1785.873895,107.2518339,1.299375,509.8299001,67861.611,30180.025,171658.6,0,0,427.0875,35.56354752,0,1471.2125,39.39870316,-99.41461919
149,United States of America,5/30/2020,4345.400367,100.716431,19770.45378,1274.380923,31.59925688,5706.323284,1038.852627,23.37638678,4648.22508,135.407,2,606.275,326.9010022,0,1552.330239,93.44075633,0.3,445.207057,67997.018,30182.025,172223.2,0,0,288.9,12.92184332,0,1172.975,39.39870316,-99.41461919
150,United States of America,5/31/2020,3851.783389,78.40863069,17560.5013,1132.019003,24.74130902,5116.80229,919.7538902,17.56498293,4159.715112,119.263,2,541.15,282.2047976,0,1377.916495,81.13349432,0.2,380.3642616,68116.281,30184.025,172721.625,0,0,163.025,5.352843217,0,916.05,39.39870316,-99.41461919
151,United States of America,6/1/2020,3403.030719,60.57402173,15656.1814,1002.229129,18.70040538,4561.247225,811.5990419,13.29626354,3695.981161,104.739,1,480.075,243.725947,0,1147.936199,70.46658931,0.1,334.0005653,68221.02,30185.025,173162.9,0,0,17.8875,0.60569491,0,734.7625,39.39870316,-99.41461919
152,United States of America,6/2/2020,2996.396494,44.57085599,13798.42393,884.5784409,14.95523994,4047.869073,713.9632606,10.13725619,3297.606706,91.541,1,424.125,210.4374262,0,1050.313369,60.62998006,0,291.0904471,68312.561,30186.025,173552,0,0,0,0,0,570.9125,39.39870316,-99.41461919
153,United States of America,6/3/2020,2629.374173,33.932232,12179.71731,778.1540876,11.06425213,3581.855148,626.0235709,7.426549923,2909.387715,79.696,1,374,180.4608218,0,865.5333148,52.0831355,0,254.6789021,68392.257,30187.025,173895.9,0,0,0,0,0,439.25,39.39870316,-99.41461919
154,United States of America,6/4/2020,2301.412706,24.04866618,10709.90929,682.6329452,8.153913506,3173.066218,547.3263327,5.273778057,2568.550351,69.239,0,329.025,154.6985592,0,779.6357879,44.48663395,0,215.9373103,68461.496,30188,174198.675,0,0,0,0,0,313.4125,39.39870316,-99.41461919
155,United States of America,6/5/2020,2005.985331,16.76787216,9349.218507,596.6682886,5.967828625,2806.709004,476.880592,3.847594814,2263.494372,59.907,0,287.025,131.3786478,0,658.8290729,37.92025459,0,187.9641367,68521.403,30188,174460.425,0,0,0,0,0,207.875,39.39870316,-99.41461919
156,United States of America,6/6/2020,1741.687076,12.22170956,8144.98064,519.9546475,4.665090944,2469.085751,414.0711832,2.985518576,1969.095192,51.69,0,248.1,110.6214351,0,559.0896924,32.21015455,0,160.6490663,68573.093,30188,174687.075,0,0,0,0,0,136.59375,39.39870316,-99.41461919
157,United States of America,6/7/2020,1508.075708,9.933335913,7097.015363,451.2599395,3.274890673,2149.074564,358.0424282,2.081783088,1719.801973,44.439,0,215.1,93.28378308,0,477.7840067,27.06513247,0,137.9350822,68617.532,30188,174884.675,0,0,0,0,0,98.03125,39.39870316,-99.41461919
158,United States of America,6/8/2020,1302.233407,7.900721749,6177.057344,390.3698245,2.336231618,1877.818576,308.6177679,1.499044118,1500.805188,38.024,0,187,78.85778849,0,410.3941995,22.87987153,0,118.3882407,68655.556,30188,175054.125,0,0,0,0,0,65.00625,39.39870316,-99.41461919
159,United States of America,6/9/2020,1118.886103,5.967828625,5367.390777,336.6686088,1.569558824,1636.346839,265.1343377,0.917647059,1297.90516,32.4,0,159.075,64.86977927,0,325.5459498,19.109711,0,97.29204318,68687.956,30188,175201.5,0,0,0,0,0,54.41875,39.39870316,-99.41461919
160,United States of America,6/10/2020,957.9924654,4.665090944,4696.330202,289.1129535,1.134724265,1423.278841,226.7483659,0.708602941,1121.704437,27.469,0,138.025,53.90582493,0,297.201961,15.83040604,0,85.58177339,68715.425,30188,175328.825,0,0,0,0,0,41.85625,39.39870316,-99.41461919
161,United States of America,6/11/2020,816.7391258,3.274890673,4106.522759,247.2287706,0.75,1227.626236,193.1652828,0.45,962.1903853,23.156,0,118,44.9769275,0,244.0821718,13.14065093,0,69.2921228,68738.581,30188,175436.2,0,0,0,0,0,28.81125,39.39870316,-99.41461919
162,United States of America,6/12/2020,693.2925318,2.336231618,3497.097689,210.5748826,0.54875,1050.964666,163.9181726,0.299583333,824.107429,19.458,0,100.025,36.37716881,0,205.1335896,10.70386838,0,60.8282468,68758.039,30188,175529.4,0,0,0,0,0,21.40666667,39.39870316,-99.41461919
163,United States of America,6/13/2020,586.8409904,1.569558824,3011.971201,178.6151799,0.2,901.4686087,138.4280907,0.1,713.4660016,16.307,0,85.025,29.70910956,0,167.45657,8.724791584,0,50.21063105,68774.346,30188,175607.625,0,0,0,0,0,13.0625,39.39870316,-99.41461919
164,United States of America,6/14/2020,493.6913725,1.134724265,2609.352096,150.5806949,0,767.2968273,116.2259603,0,600.6864846,13.56,0,70.025,23.31882034,0,142.1143401,7.049104334,0,40.45966284,68787.906,30188,175672.75,0,0,0,0,0,5.0375,39.39870316,-99.41461919
165,United States of America,6/15/2020,412.155827,0.75,2198.005044,126.4844907,0,662.3579438,97.18432264,0,517.1362962,11.18,0,61.025,18.23742601,0,115.8264776,5.654775814,0,33.5036305,68799.086,30188,175729.9,0,0,0,0,0,0,39.39870316,-99.41461919
166,United States of America,6/16/2020,342.9250758,0.54875,1865.952457,105.6613075,0,564.6083054,80.78434315,0,429.6093309,9.247,0,51,14.253916,0,92.66554141,4.415952298,0,27.92179853,68808.333,30188,175776.025,0,0,0,0,0,0,39.39870316,-99.41461919
167,United States of America,6/17/2020,283.270074,0.2,1563.814116,87.70457374,0,471.9231586,66.65575426,0,364.8007333,7.497,0,43.025,10.8505259,0,78.22579574,3.376900211,0,21.35061567,68815.83,30188,175814.15,0,0,0,0,0,0,39.39870316,-99.41461919
168,United States of America,6/18/2020,231.6407782,0,1328.968445,72.31209304,0,398.9867437,54.59694098,0,301.5741167,6.031,0,35,8.135116611,0,65.34333333,2.555773887,0,18.55095437,68821.861,30188,175847.2,0,0,0,0,0,0,39.39870316,-99.41461919
169,United States of America,6/19/2020,188.3571734,0,1074.928467,59.15972774,0,331.3386515,44.3512838,0,250.7589669,4.81,0,29,5.951768315,0,49.34027778,1.932789251,0,13.8464974,68826.671,30188,175873.325,0,0,0,0,0,0,39.39870316,-99.41461919
170,United States of America,6/20/2020,151.524515,0,895.5266881,48.16261061,0,276.340889,35.77780188,0,210.7585717,3.788,0,24,4.214634401,0,32.51600877,1.420015338,0,10.64825107,68830.459,30188,175895.375,0,0,0,0,0,0,39.39870316,-99.41461919
171,United States of America,6/21/2020,121.3613915,0,737.3372549,38.84668112,0,228.2115468,28.64783936,0,169.2145257,2.916,0,19,3.058430522,0,25.42613636,1.044942038,0,8.162550505,68833.375,30188,175913.4,0,0,0,0,0,0,39.39870316,-99.41461919
172,United States of America,6/22/2020,96.6021586,0,604.4105641,31.11230162,0,185.6367423,22.7526157,0,136.8774675,2.215,0,16,2.14567381,0,23,0.731331512,0,5.609163534,68835.59,30188,175926.45,0,0,0,0,0,0,39.39870316,-99.41461919
173,United States of America,6/23/2020,76.04652533,0,481.1396732,24.73644438,0,151.0188399,17.93253596,0,110.4284229,1.644,0,12.025,1.331648039,0,14.5,0.489548799,0,4.606369617,68837.234,30188,175937.45,0,0,0,0,0,0,39.39870316,-99.41461919
174,United States of America,6/24/2020,59.45150731,0,377.4534279,19.50818865,0,121.8782657,14.01438036,0,89.47454833,1.213,0,9,0.746625,0,9.0125,0.309395196,0,3.1675,68838.447,30188,175944.525,0,0,0,0,0,0,39.39870316,-99.41461919
175,United States of America,6/25/2020,45.90429454,0,291.5900354,15.26319761,0,96.16649787,10.84626381,0,69.18864009,0.875,0,7,0.319833333,0,4.5,0.174877346,0,2.004166667,68839.322,30188,175950.6,0,0,0,0,0,0,39.39870316,-99.41461919
176,United States of America,6/26/2020,35.22373006,0,224.2371972,11.79253446,0,74.77897876,8.299750613,0,52.50068571,0.635,0,5.025,0.191583333,0,0,0.098128431,0,1,68839.957,30188,175955.65,0,0,0,0,0,0,39.39870316,-99.41461919
177,United States of America,6/27/2020,26.88598842,0,176.2799372,8.970325955,0,59.5459478,6.209597202,0,40.29317536,0.44,0,3,0.07975,0,0,0.051895833,0,0.5,68840.397,30188,175958.65,0,0,0,0,0,0,39.39870316,-99.41461919
178,United States of America,6/28/2020,20.29080216,0,133.470577,6.679966808,0,46.19010965,4.556557808,0,32.0136166,0.282,0,3,0.0105,0,0,0.016416667,0,0,68840.679,30188,175960.675,0,0,0,0,0,0,39.39870316,-99.41461919
179,United States of America,6/29/2020,15.21813732,0,99.42358539,4.91176451,0,36.21843751,3.291978787,0,24.75352636,0.158,0,2,0.018,0,0,0.01375,0,0,68840.837,30188,175962.7,0,0,0,0,0,0,39.39870316,-99.41461919
180,United States of America,6/30/2020,11.38082612,0,76.52048637,3.594530965,0,26.47351919,2.375336686,0,17.18996003,0.071,0,1,0,0,0,0.002666667,0,0,68840.908,30188,175963.725,0,0,0,0,0,0,39.39870316,-99.41461919
181,United States of America,7/1/2020,8.518992622,0,56.57149427,2.612257078,0,19.80263642,1.710279973,0,13.07930878,0.034,0,0,0,0,0,0.0005,0,0,68840.942,30188,175964.7,0,0,0,0,0,0,39.39870316,-99.41461919
182,United States of America,7/2/2020,6.382800141,0,40.05098371,1.859467827,0,15.12816103,1.213685886,0,9.3725,0.015,0,0,0,0,0,0.001,0,0,68840.957,30188,175964.7,0,0,0,0,0,0,39.39870316,-99.41461919
183,United States of America,7/3/2020,4.72201451,0,32.91931984,1.299452489,0,10.60619518,0.843671666,0,6.920941938,0.003,0,0,0,0,0,0,0,0,68840.96,30188,175964.7,0,0,0,0,0,0,39.39870316,-99.41461919
184,United States of America,7/4/2020,3.495030965,0,25.08236633,0.886510451,0,7.726409774,0.579693816,0,5.002105263,0.002,0,0,0,0,0,0,0,0,68840.962,30188,175964.7,0,0,0,0,0,0,39.39870316,-99.41461919
185,United States of America,7/5/2020,2.574257078,0,19.71706349,0.593178939,0,5.333585859,0.389084128,0,3.645488722,0,0,0,0,0,0,0,0,0,68840.962,30188,175964.7,0,0,0,0,0,0,39.39870316,-99.41461919
186,United States of America,7/6/2020,1.839467827,0,15.12816103,0.38563014,0,3.704106858,0.257572759,0,2.834429825,0,0,0,0,0,0,0,0,0,68840.962,30188,175964.7,0,0,0,0,0,0,39.39870316,-99.41461919
187,United States of America,7/7/2020,1.294452489,0,10.60619518,0.234234944,0,3,0.158207248,0,2,0,0,0,0,0,0,0,0,0,68840.962,30188,175964.7,0,0,0,0,0,0,39.39870316,-99.41461919
188,United States of America,7/8/2020,0.884510451,0,7.726409774,0.130357598,0,1.5,0.089892647,0,1.5,0,0,0,0,0,0,0,0,0,68840.962,30188,175964.7,0,0,0,0,0,0,39.39870316,-99.41461919
189,United States of America,7/9/2020,0.593178939,0,5.333585859,0.066229167,0,0.5125,0.0423125,0,0.5,0,0,0,0,0,0,0,0,0,68840.962,30188,175964.7,0,0,0,0,0,0,39.39870316,-99.41461919
190,United States of America,7/10/2020,0.38563014,0,3.704106858,0.029333333,0,0,0.02,0,0,0,0,0,0,0,0,0,0,0,68840.962,30188,175964.7,0,0,0,0,0,0,39.39870316,-99.41461919
191,United States of America,7/11/2020,0.234234944,0,3,0.015916667,0,0,0.010583333,0,0,0,0,0,0,0,0,0,0,0,68840.962,30188,175964.7,0,0,0,0,0,0,39.39870316,-99.41461919
192,United States of America,7/12/2020,0.130357598,0,1.5,0.004166667,0,0,0.003,0,0,0,0,0,0,0,0,0,0,0,68840.962,30188,175964.7,0,0,0,0,0,0,39.39870316,-99.41461919
193,United States of America,7/13/2020,0.066229167,0,0.5125,0.0015,0,0,0.0015,0,0,0,0,0,0,0,0,0,0,0,68840.962,30188,175964.7,0,0,0,0,0,0,39.39870316,-99.41461919
194,United States of America,7/14/2020,0.029333333,0,0,0.001,0,0,0.001,0,0,0,0,0,0,0,0,0,0,0,68840.962,30188,175964.7,0,0,0,0,0,0,39.39870316,-99.41461919
195,United States of America,7/15/2020,0.015916667,0,0,0,0,0,0,0,0,0,0,0,0,0,0,0,0,0,68840.962,30188,175964.7,0,0,0,0,0,0,39.39870316,-99.41461919
196,United States of America,7/16/2020,0.004166667,0,0,0,0,0,0,0,0,0,0,0,0,0,0,0,0,0,68840.962,30188,175964.7,0,0,0,0,0,0,39.39870316,-99.41461919
197,United States of America,7/17/2020,0.0015,0,0,0,0,0,0,0,0,0,0,0,0,0,0,0,0,0,68840.962,30188,175964.7,0,0,0,0,0,0,39.39870316,-99.41461919
198,United States of America,7/18/2020,0.001,0,0,0,0,0,0,0,0,0,0,0,0,0,0,0,0,0,68840.962,30188,175964.7,0,0,0,0,0,0,39.39870316,-99.41461919
199,United States of America,7/19/2020,0,0,0,0,0,0,0,0,0,0,0,0,0,0,0,0,0,0,68840.962,30188,175964.7,0,0,0,0,0,0,39.39870316,-99.41461919
200,United States of America,7/20/2020,0,0,0,0,0,0,0,0,0,0,0,0,0,0,0,0,0,0,68840.962,30188,175964.7,0,0,0,0,0,0,39.39870316,-99.41461919
201,United States of America,7/21/2020,0,0,0,0,0,0,0,0,0,0,0,0,0,0,0,0,0,0,68840.962,30188,175964.7,0,0,0,0,0,0,39.39870316,-99.41461919
202,United States of America,7/22/2020,0,0,0,0,0,0,0,0,0,0,0,0,0,0,0,0,0,0,68840.962,30188,175964.7,0,0,0,0,0,0,39.39870316,-99.41461919
203,United States of America,7/23/2020,0,0,0,0,0,0,0,0,0,0,0,0,0,0,0,0,0,0,68840.962,30188,175964.7,0,0,0,0,0,0,39.39870316,-99.41461919
204,United States of America,7/24/2020,0,0,0,0,0,0,0,0,0,0,0,0,0,0,0,0,0,0,68840.962,30188,175964.7,0,0,0,0,0,0,39.39870316,-99.41461919
205,United States of America,7/25/2020,0,0,0,0,0,0,0,0,0,0,0,0,0,0,0,0,0,0,68840.962,30188,175964.7,0,0,0,0,0,0,39.39870316,-99.41461919
206,United States of America,7/26/2020,0,0,0,0,0,0,0,0,0,0,0,0,0,0,0,0,0,0,68840.962,30188,175964.7,0,0,0,0,0,0,39.39870316,-99.41461919
207,United States of America,7/27/2020,0,0,0,0,0,0,0,0,0,0,0,0,0,0,0,0,0,0,68840.962,30188,175964.7,0,0,0,0,0,0,39.39870316,-99.41461919
208,United States of America,7/28/2020,0,0,0,0,0,0,0,0,0,0,0,0,0,0,0,0,0,0,68840.962,30188,175964.7,0,0,0,0,0,0,39.39870316,-99.41461919
209,United States of America,7/29/2020,0,0,0,0,0,0,0,0,0,0,0,0,0,0,0,0,0,0,68840.962,30188,175964.7,0,0,0,0,0,0,39.39870316,-99.41461919
210,United States of America,7/30/2020,0,0,0,0,0,0,0,0,0,0,0,0,0,0,0,0,0,0,68840.962,30188,175964.7,0,0,0,0,0,0,39.39870316,-99.41461919
211,United States of America,7/31/2020,0,0,0,0,0,0,0,0,0,0,0,0,0,0,0,0,0,0,68840.962,30188,175964.7,0,0,0,0,0,0,39.39870316,-99.41461919
212,United States of America,8/1/2020,0,0,0,0,0,0,0,0,0,0,0,0,0,0,0,0,0,0,68840.962,30188,175964.7,0,0,0,0,0,0,39.39870316,-99.41461919
213,United States of America,8/2/2020,0,0,0,0,0,0,0,0,0,0,0,0,0,0,0,0,0,0,68840.962,30188,175964.7,0,0,0,0,0,0,39.39870316,-99.41461919
214,United States of America,8/3/2020,0,0,0,0,0,0,0,0,0,0,0,0,0,0,0,0,0,0,68840.962,30188,175964.7,0,0,0,0,0,0,39.39870316,-99.41461919
215,United States of America,8/4/2020,0,0,0,0,0,0,0,0,0,0,0,0,0,0,0,0,0,0,68840.962,30188,175964.7,0,0,0,0,0,0,39.39870316,-99.41461919
